1.07524,-0.436322,-0.0670002,0.940845,-0.369396,0.382518,0.936954
1.07524,-0.436429,-0.0670901,0.940865,-0.368944,0.382601,0.937007
1.07525,-0.436839,-0.0672202,0.940936,-0.368102,0.382845,0.937084
1.07528,-0.437579,-0.0675659,0.941068,-0.366931,0.383178,0.937189
1.07529,-0.437808,-0.0677297,0.941108,-0.366564,0.383273,0.937227
1.07531,-0.43841,-0.068339,0.941222,-0.365494,0.383506,0.937342
1.07535,-0.439146,-0.0693446,0.941379,-0.364187,0.383727,0.937496
1.07538,-0.439778,-0.0702117,0.941499,-0.363388,0.383857,0.93761
1.07543,-0.440813,-0.0715643,0.941641,-0.362653,0.383901,0.937764
1.07545,-0.441486,-0.0725607,0.941722,-0.362284,0.383608,0.937808
1.07544,-0.442151,-0.0739059,0.941797,-0.361496,0.383697,0.937869
1.07547,-0.442939,-0.0750729,0.941886,-0.361473,0.383664,0.937944
1.07551,-0.444318,-0.0767145,0.94204,-0.362005,0.383527,0.938031
1.07552,-0.444704,-0.077121,0.942083,-0.36222,0.383494,0.938049
1.07557,-0.44629,-0.0787437,0.942274,-0.363295,0.38337,0.938098
1.07558,-0.446688,-0.0791557,0.942325,-0.363602,0.383344,0.938104
1.07562,-0.448254,-0.0807927,0.942535,-0.364959,0.383343,0.938101
1.07567,-0.450255,-0.0825466,0.94284,-0.367327,0.383862,0.938086
1.07569,-0.451687,-0.0839551,0.943065,-0.369079,0.384207,0.938005
1.0757,-0.452576,-0.0850405,0.943235,-0.37028,0.384358,0.937904
1.0757,-0.452837,-0.0854078,0.943292,-0.370661,0.384399,0.937866
1.0757,-0.453529,-0.0865081,0.943463,-0.371768,0.384499,0.937748
1.07569,-0.45408,-0.0875837,0.943627,-0.372846,0.384567,0.937617
1.07569,-0.45424,-0.0879399,0.94368,-0.373206,0.384578,0.937569
1.07569,-0.454536,-0.0886619,0.94378,-0.373931,0.384569,0.937472
1.07568,-0.45504,-0.0901698,0.943979,-0.375453,0.384426,0.937282
1.0757,-0.455282,-0.0905739,0.944086,-0.376045,0.384481,0.937289
1.07574,-0.45603,-0.0914588,0.94429,-0.377861,0.384583,0.937245
1.07575,-0.45664,-0.0924446,0.944429,-0.379475,0.384399,0.937147
1.07576,-0.45681,-0.0927703,0.944467,-0.37999,0.384308,0.937109
1.07576,-0.457235,-0.0937104,0.944565,-0.381506,0.383997,0.936997
1.07577,-0.457638,-0.0949108,0.944674,-0.383518,0.383493,0.936876
1.07577,-0.457856,-0.0957682,0.944739,-0.385029,0.383085,0.936812
1.07579,-0.458035,-0.0968327,0.944807,-0.387027,0.382506,0.936748
1.07581,-0.457935,-0.0978371,0.944951,-0.388488,0.382281,0.936741
1.07583,-0.457955,-0.0984837,0.945031,-0.390645,0.381958,0.936727
1.07583,-0.457978,-0.0986799,0.945029,-0.391187,0.381788,0.936719
1.07584,-0.45803,-0.0990499,0.945013,-0.392274,0.381429,0.936704
1.07586,-0.458135,-0.0996404,0.944984,-0.394471,0.380761,0.936692
1.07586,-0.458152,-0.0997529,0.944976,-0.395013,0.380611,0.936692
1.07587,-0.458182,-0.0999293,0.944957,-0.396097,0.380332,0.936691
1.07588,-0.458235,-0.100116,0.9449,-0.398247,0.37986,0.936689
1.07589,-0.458238,-0.100138,0.944882,-0.398774,0.379752,0.936687
1.07589,-0.458224,-0.100147,0.944822,-0.400312,0.379454,0.936681
1.07589,-0.457314,-0.1004,0.944962,-0.401777,0.379708,0.936652
1.07588,-0.456991,-0.100216,0.944897,-0.402936,0.379589,0.936667
1.07586,-0.45671,-0.100032,0.944797,-0.404018,0.379385,0.936721
1.07586,-0.456617,-0.0999565,0.944763,-0.404358,0.379296,0.936742
1.07584,-0.456346,-0.0997076,0.94466,-0.405345,0.378959,0.936799
1.07582,-0.456011,-0.0993085,0.944514,-0.406545,0.378365,0.936839
1.0758,-0.45577,-0.0989436,0.944388,-0.407414,0.377731,0.936846
1.07575,-0.455563,-0.0983784,0.944195,-0.408678,0.37665,0.936833
1.07574,-0.454899,-0.0986133,0.944308,-0.408587,0.376544,0.936788
1.07569,-0.454507,-0.097964,0.944258,-0.40937,0.375779,0.93666
1.07563,-0.454372,-0.0972831,0.944085,-0.410205,0.374925,0.936606
1.07562,-0.454345,-0.0970403,0.944021,-0.41048,0.374656,0.936591
1.07557,-0.454266,-0.0963181,0.943827,-0.411268,0.373893,0.936552
1.07547,-0.454087,-0.0951308,0.9435,-0.412434,0.372919,0.936528
1.07541,-0.453959,-0.0944576,0.943298,-0.413036,0.372592,0.936546
1.07535,-0.453817,-0.0938269,0.943109,-0.413555,0.372496,0.936602
1.07534,-0.453768,-0.0936215,0.943052,-0.413717,0.372512,0.936634
1.07532,-0.452956,-0.0931659,0.943111,-0.413696,0.372939,0.936674
1.07533,-0.452668,-0.0925198,0.94306,-0.414052,0.373425,0.936819
1.07533,-0.452587,-0.0923383,0.943025,-0.414151,0.37359,0.936896
1.07535,-0.45242,-0.0920058,0.942949,-0.414331,0.373941,0.937063
1.07539,-0.452001,-0.0912177,0.942773,-0.414713,0.375051,0.937488
1.07542,-0.451766,-0.0907248,0.942678,-0.414893,0.375918,0.937741
1.07545,-0.451511,-0.090239,0.94259,-0.414998,0.376893,0.938003
1.07547,-0.45143,-0.0900818,0.942562,-0.41502,0.377221,0.938093
1.07553,-0.450726,-0.0892973,0.942484,-0.414744,0.379111,0.938572
1.07558,-0.450608,-0.0888902,0.942459,-0.414945,0.380282,0.938838
1.07563,-0.45035,-0.0885896,0.942383,-0.414812,0.381315,0.939145
1.07572,-0.450054,-0.0882844,0.942307,-0.414546,0.382602,0.939583
1.0758,-0.449923,-0.0880991,0.942275,-0.414402,0.383539,0.939925
1.07589,-0.449842,-0.0877611,0.942233,-0.414224,0.38481,0.940362
1.07594,-0.449806,-0.0874338,0.942188,-0.414068,0.385793,0.940666
1.07597,-0.44972,-0.0870559,0.94213,-0.413841,0.386825,0.940957
1.07599,-0.449662,-0.0867706,0.942106,-0.413654,0.387267,0.941079
1.07602,-0.449748,-0.0863889,0.942059,-0.413715,0.388365,0.941366
1.07604,-0.449489,-0.0860544,0.941999,-0.413282,0.389354,0.941625
1.07604,-0.449365,-0.0859504,0.941977,-0.413089,0.389666,0.941704
1.07603,-0.448942,-0.0856373,0.941909,-0.412472,0.390551,0.941917
1.07599,-0.448339,-0.0852426,0.941805,-0.411625,0.391673,0.942142
1.07592,-0.447844,-0.0849589,0.941697,-0.410969,0.392527,0.942259
1.07578,-0.447209,-0.0845767,0.941508,-0.410147,0.393624,0.942354
1.07564,-0.447017,-0.0841809,0.941315,-0.409776,0.394413,0.942409
1.07545,-0.447001,-0.0838972,0.941082,-0.409777,0.395327,0.942445
1.0754,-0.446925,-0.0838311,0.941027,-0.40968,0.395527,0.942442
1.07531,-0.44675,-0.083702,0.940921,-0.409453,0.395905,0.942432
1.07512,-0.44629,-0.0834718,0.940706,-0.408953,0.396596,0.942394
1.07506,-0.446157,-0.0834305,0.94065,-0.408821,0.39675,0.942379
1.07489,-0.445773,-0.0833414,0.940464,-0.408463,0.397126,0.942309
1.07462,-0.445371,-0.0834216,0.940179,-0.408136,0.397352,0.942146
1.07443,-0.44514,-0.0835941,0.939993,-0.407991,0.397355,0.942021
1.07428,-0.44572,-0.0837539,0.93975,-0.408678,0.397278,0.941993
1.07425,-0.445838,-0.0839883,0.939727,-0.408915,0.397182,0.942011
1.07429,-0.445686,-0.0842196,0.93983,-0.408869,0.397163,0.9421
1.07436,-0.445389,-0.0842946,0.939977,-0.4087,0.397277,0.9422
1.07447,-0.444868,-0.0842528,0.940226,-0.408369,0.397516,0.942334
1.07461,-0.444271,-0.0840286,0.940518,-0.408026,0.397793,0.942468
1.07474,-0.443773,-0.0837123,0.940758,-0.407722,0.398028,0.942569
1.07478,-0.444109,-0.0834237,0.940779,-0.408024,0.39811,0.942627
1.07494,-0.444134,-0.0830466,0.941029,-0.408243,0.398435,0.942786
1.07527,-0.443575,-0.0825445,0.941689,-0.407665,0.398846,0.942972
1.0756,-0.44292,-0.0825066,0.942349,-0.407027,0.398884,0.943115
1.07581,-0.442181,-0.0826091,0.942823,-0.406467,0.398922,0.943185
1.07599,-0.441185,-0.0827929,0.943256,-0.405764,0.399199,0.943203
1.0761,-0.439892,-0.0831202,0.943643,-0.404804,0.399752,0.943179
1.07613,-0.439407,-0.0832689,0.943761,-0.404435,0.399943,0.943161
1.07617,-0.438272,-0.0837768,0.944008,-0.403533,0.400294,0.943131
1.07617,-0.436784,-0.0843771,0.944229,-0.402377,0.400295,0.942922
1.07617,-0.436234,-0.0845844,0.944301,-0.401904,0.400231,0.942814
1.07616,-0.435086,-0.0849821,0.944437,-0.400864,0.400065,0.942571
1.07614,-0.434487,-0.0851698,0.944501,-0.400306,0.39997,0.94244
1.07607,-0.432671,-0.0857228,0.944674,-0.398543,0.399654,0.942002
1.07603,-0.432044,-0.0859272,0.944718,-0.397916,0.399487,0.941832
1.07588,-0.43016,-0.0866323,0.944814,-0.395942,0.398679,0.941237
1.07554,-0.427202,-0.0878677,0.94486,-0.392729,0.396848,0.940243
1.07536,-0.424708,-0.0889928,0.944942,-0.390065,0.395273,0.939497
1.07503,-0.42075,-0.0906692,0.945061,-0.385704,0.393547,0.93878
1.07481,-0.417546,-0.0919649,0.945081,-0.382387,0.392571,0.938126
1.07448,-0.412722,-0.0936952,0.945015,-0.377514,0.391438,0.937206
1.0742,-0.407491,-0.0953604,0.944787,-0.372392,0.390469,0.936234
1.07378,-0.400836,-0.0975375,0.94423,-0.366186,0.389559,0.934976
1.07342,-0.39785,-0.0985222,0.943793,-0.363487,0.389272,0.934366
1.07258,-0.392186,-0.100082,0.942701,-0.358328,0.388714,0.933124
1.07244,-0.38966,-0.100625,0.942432,-0.356009,0.388319,0.932892
1.07297,-0.38655,-0.102188,0.941787,-0.353406,0.387309,0.932392
1.07284,-0.383832,-0.103596,0.940821,-0.351829,0.386043,0.931472
1.07226,-0.380512,-0.104338,0.939148,-0.349598,0.385103,0.929811
1.07143,-0.3756,-0.105507,0.936537,-0.34629,0.383344,0.927213
1.07038,-0.370087,-0.106891,0.933382,-0.3425,0.381091,0.924073
1.06947,-0.366142,-0.108092,0.930706,-0.339877,0.379253,0.9214
1.06799,-0.360106,-0.110328,0.926923,-0.335727,0.375889,0.917656
1.0663,-0.354911,-0.112765,0.922401,-0.332457,0.372732,0.913077
1.06472,-0.348837,-0.114746,0.917406,-0.328785,0.369609,0.907857
1.06359,-0.343775,-0.115926,0.913401,-0.325753,0.367042,0.903568
1.06214,-0.33684,-0.117515,0.908068,-0.32163,0.362908,0.897424
1.06109,-0.331789,-0.118791,0.904003,-0.318783,0.359597,0.892477
1.05999,-0.326954,-0.119657,0.899751,-0.316216,0.356324,0.887229
1.05826,-0.319126,-0.119767,0.893711,-0.310858,0.35181,0.8798
1.05686,-0.313957,-0.11912,0.888489,-0.307524,0.348919,0.873434
1.05475,-0.305376,-0.117292,0.880202,-0.301572,0.345133,0.86371
1.0532,-0.297767,-0.11501,0.873107,-0.296032,0.342545,0.855766
1.05113,-0.287296,-0.111381,0.86316,-0.28828,0.339417,0.844849
1.0506,-0.28477,-0.110517,0.860653,-0.286397,0.338601,0.842071
1.04832,-0.275486,-0.107602,0.850713,-0.279418,0.335547,0.830963
1.04639,-0.26837,-0.106459,0.843728,-0.273349,0.332768,0.822892
1.04415,-0.263083,-0.105498,0.836369,-0.269276,0.330238,0.814476
1.0416,-0.258505,-0.104732,0.828629,-0.266315,0.327368,0.805574
1.04069,-0.256982,-0.104542,0.825902,-0.265371,0.326259,0.802498
1.03608,-0.249144,-0.104116,0.811879,-0.260293,0.3201,0.78687
1.03343,-0.244172,-0.103958,0.80342,-0.256788,0.316253,0.777681
1.03094,-0.23918,-0.103829,0.795053,-0.253352,0.312464,0.768926
1.02848,-0.234504,-0.103697,0.78688,-0.25039,0.308771,0.760481
1.02582,-0.22959,-0.103582,0.778997,-0.246756,0.304882,0.752249
1.02073,-0.223109,-0.102788,0.765444,-0.24332,0.299679,0.738245
1.0174,-0.219266,-0.102652,0.757331,-0.24125,0.296088,0.729997
1.01399,-0.215349,-0.102727,0.748987,-0.238886,0.292348,0.721622
1.01285,-0.214057,-0.102829,0.746188,-0.238052,0.291084,0.718828
1.0095,-0.210138,-0.103507,0.737868,-0.235426,0.287231,0.710541
1.00841,-0.208824,-0.103864,0.735155,-0.234466,0.285889,0.707855
1.0042,-0.20361,-0.105742,0.724512,-0.230238,0.280443,0.697465
1.00096,-0.19973,-0.107097,0.716621,-0.226795,0.276561,0.689855
0.997688,-0.195859,-0.108714,0.708866,-0.222783,0.272936,0.682339
0.996572,-0.194632,-0.109058,0.706222,-0.221569,0.271816,0.679842
0.993199,-0.19084,-0.110015,0.698347,-0.217809,0.268754,0.672431
0.98976,-0.186955,-0.110863,0.69069,-0.21392,0.266281,0.665047
0.985077,-0.181963,-0.112133,0.6805,-0.208398,0.263667,0.654945
0.981497,-0.178485,-0.112775,0.672682,-0.20425,0.262253,0.647129
0.980303,-0.177401,-0.112907,0.670037,-0.202895,0.261882,0.64449
0.977924,-0.175373,-0.113231,0.664713,-0.200267,0.261151,0.639187
0.973189,-0.171785,-0.114219,0.654143,-0.195113,0.259758,0.62871
0.972061,-0.171414,-0.115325,0.651751,-0.194002,0.258699,0.626289
0.968689,-0.170131,-0.116792,0.644504,-0.191371,0.25738,0.61913
0.965368,-0.168599,-0.118064,0.637902,-0.188557,0.256558,0.612554
0.964264,-0.16808,-0.118479,0.635788,-0.187661,0.256367,0.610451
0.96106,-0.166728,-0.11977,0.629613,-0.185382,0.256126,0.604455
0.95698,-0.165201,-0.121634,0.621452,-0.182834,0.256347,0.596867
0.954057,-0.164057,-0.122781,0.615101,-0.181195,0.256696,0.591137
0.950346,-0.162662,-0.124346,0.606288,-0.179472,0.257006,0.583428
0.94943,-0.16245,-0.124869,0.604176,-0.17917,0.256961,0.581537
0.947666,-0.163175,-0.125954,0.600088,-0.179071,0.256703,0.578026
0.944425,-0.164359,-0.128382,0.592512,-0.179391,0.256264,0.571257
0.942047,-0.165084,-0.129507,0.586858,-0.179139,0.256285,0.566118
0.938881,-0.166365,-0.130346,0.57938,-0.179127,0.256639,0.559247
0.9381,-0.166722,-0.130454,0.577553,-0.17921,0.25669,0.55756
0.936559,-0.167481,-0.130487,0.573995,-0.179456,0.256757,0.554269
0.933555,-0.168976,-0.129989,0.567156,-0.18004,0.257206,0.547987
0.93284,-0.169325,-0.129779,0.565434,-0.180178,0.257312,0.54642
0.930774,-0.170424,-0.128903,0.56036,-0.180588,0.25691,0.541892
0.928931,-0.173854,-0.127794,0.555676,-0.182696,0.256296,0.538045
0.928355,-0.174627,-0.127347,0.554267,-0.183143,0.255853,0.536839
0.926667,-0.176159,-0.125507,0.550036,-0.183311,0.253469,0.533263
0.924514,-0.176694,-0.122324,0.544981,-0.18208,0.250837,0.528789
0.922931,-0.176176,-0.120528,0.542106,-0.180839,0.250002,0.525986
0.920415,-0.173995,-0.120345,0.539019,-0.178635,0.248193,0.522462
0.919046,-0.172303,-0.121037,0.538603,-0.178221,0.246542,0.521461
0.917778,-0.171054,-0.123035,0.538907,-0.178323,0.24398,0.520406
0.917358,-0.173412,-0.124839,0.539336,-0.180071,0.243542,0.520358
0.916191,-0.175424,-0.126673,0.5418,-0.182593,0.241272,0.521163
0.914764,-0.177212,-0.125626,0.54116,-0.185141,0.240846,0.520512
0.913717,-0.178721,-0.124251,0.539557,-0.186701,0.240926,0.519416
0.912435,-0.180419,-0.122947,0.538233,-0.188218,0.241059,0.518305
0.911595,-0.181151,-0.122396,0.53762,-0.188671,0.241337,0.517617
0.910652,-0.181557,-0.122006,0.536792,-0.188692,0.241454,0.516457
0.910044,-0.184117,-0.122236,0.53617,-0.190304,0.24217,0.515728
0.909415,-0.18575,-0.121671,0.536598,-0.191952,0.242288,0.515404
0.90931,-0.185914,-0.121532,0.536639,-0.19224,0.242313,0.5153
0.909162,-0.186162,-0.121251,0.536799,-0.192786,0.242341,0.515189
0.909119,-0.186528,-0.120813,0.537337,-0.193506,0.24247,0.515402
0.909156,-0.186667,-0.120659,0.537593,-0.193714,0.242546,0.515563
0.909217,-0.186813,-0.120488,0.537883,-0.1939,0.242644,0.515761
0.909531,-0.187293,-0.119939,0.538907,-0.194464,0.242919,0.516501
0.910018,-0.187814,-0.119427,0.54017,-0.194918,0.242912,0.517517
0.910221,-0.188015,-0.11929,0.540645,-0.195061,0.242848,0.517927
0.910946,-0.188712,-0.118928,0.542202,-0.195464,0.242647,0.519335
0.911706,-0.192163,-0.119435,0.544135,-0.197851,0.242464,0.521239
0.911996,-0.192722,-0.119507,0.544985,-0.198234,0.242327,0.521978
0.913036,-0.193887,-0.119929,0.547348,-0.199019,0.241862,0.524103
0.914734,-0.195215,-0.120845,0.550668,-0.199883,0.240737,0.527076
0.916162,-0.196174,-0.121495,0.553481,-0.200506,0.239554,0.5295
0.918273,-0.197475,-0.122024,0.557686,-0.200759,0.238397,0.533183
0.920059,-0.198695,-0.122184,0.561239,-0.20065,0.237776,0.536339
0.92322,-0.203256,-0.122495,0.56765,-0.201906,0.237051,0.541877
0.92512,-0.205868,-0.122201,0.572322,-0.202303,0.236673,0.545492
0.927262,-0.207855,-0.121676,0.577013,-0.202232,0.236793,0.549137
0.928025,-0.208473,-0.121445,0.578602,-0.202139,0.236908,0.550399
0.930454,-0.210085,-0.120643,0.583496,-0.201688,0.237281,0.554364
0.934007,-0.211719,-0.119618,0.590253,-0.200724,0.238088,0.560087
0.936891,-0.212738,-0.118939,0.595419,-0.199855,0.23894,0.564594
0.940936,-0.213875,-0.118048,0.602468,-0.198896,0.240006,0.570756
0.941975,-0.214109,-0.117854,0.604298,-0.198702,0.240203,0.572346
0.944871,-0.216696,-0.118318,0.609526,-0.199852,0.240598,0.576787
0.947872,-0.217891,-0.117913,0.615333,-0.200128,0.240669,0.581813
0.952212,-0.218947,-0.1175,0.62382,-0.200527,0.24033,0.589395
0.956834,-0.219432,-0.117462,0.633017,-0.200711,0.239412,0.597792
0.960436,-0.21959,-0.117366,0.640177,-0.200757,0.238604,0.60443
0.965321,-0.219707,-0.11683,0.649977,-0.200794,0.237466,0.613666
0.96902,-0.219781,-0.11636,0.657559,-0.20094,0.236722,0.620849
0.972356,-0.221434,-0.116814,0.664799,-0.202324,0.236023,0.627643
0.973429,-0.22169,-0.116723,0.667327,-0.202623,0.235895,0.630005
0.976714,-0.222228,-0.116452,0.674912,-0.203411,0.235694,0.637186
0.981177,-0.222803,-0.116069,0.68524,-0.204205,0.235744,0.646997
0.98456,-0.223346,-0.11551,0.693212,-0.204704,0.235924,0.65461
0.99017,-0.224287,-0.113623,0.706609,-0.205418,0.236337,0.667559
0.992372,-0.224555,-0.112615,0.712011,-0.205649,0.236573,0.672796
0.996651,-0.224898,-0.110677,0.722762,-0.206172,0.237097,0.683235
0.997504,-0.225893,-0.110734,0.724941,-0.206821,0.237136,0.685378
1.00017,-0.226628,-0.109639,0.732615,-0.20749,0.237539,0.692725
1.00283,-0.227158,-0.108258,0.740231,-0.208141,0.238238,0.700155
1.00368,-0.227349,-0.107751,0.742753,-0.208353,0.238506,0.702632
1.00623,-0.228,-0.106177,0.750448,-0.208943,0.239436,0.710197
1.00876,-0.228733,-0.10466,0.758303,-0.209482,0.240442,0.717857
1.00959,-0.228991,-0.104161,0.760943,-0.209649,0.240775,0.720418
1.01204,-0.229741,-0.102563,0.768735,-0.210059,0.241655,0.728063
1.01516,-0.230552,-0.100158,0.778919,-0.210591,0.242828,0.738266
1.01768,-0.232037,-0.0980723,0.788278,-0.211618,0.243879,0.74779
1.01989,-0.232991,-0.0958963,0.797899,-0.213294,0.245191,0.757349
1.02159,-0.233327,-0.0945442,0.805076,-0.214688,0.245938,0.764298
1.02331,-0.233432,-0.0934894,0.812003,-0.216092,0.246468,0.770973
1.02388,-0.233432,-0.0931445,0.814214,-0.216567,0.246631,0.773114
1.02557,-0.233382,-0.0919837,0.820701,-0.217974,0.247062,0.779417
1.02717,-0.233383,-0.0905857,0.827254,-0.219543,0.247306,0.785719
1.0277,-0.233405,-0.0901074,0.82951,-0.220114,0.247324,0.787858
1.02922,-0.233444,-0.0886724,0.836313,-0.221876,0.247388,0.79422
1.03044,-0.234819,-0.0877896,0.842621,-0.223865,0.24685,0.800501
1.03081,-0.235333,-0.0875167,0.844858,-0.224834,0.246791,0.802599
1.032,-0.236313,-0.0862974,0.85165,-0.227454,0.247112,0.808806
1.03371,-0.236896,-0.0845852,0.860912,-0.230449,0.24769,0.817092
1.03506,-0.23697,-0.0836339,0.868038,-0.232219,0.247933,0.823423
1.03707,-0.236618,-0.0826142,0.877555,-0.23371,0.248448,0.831963
1.03872,-0.236195,-0.0819659,0.884682,-0.234334,0.24909,0.838515
1.0404,-0.235674,-0.0812987,0.891617,-0.23454,0.249876,0.845067
1.04098,-0.235535,-0.0810083,0.893905,-0.23458,0.250174,0.847276
1.04138,-0.236295,-0.0808703,0.89571,-0.234743,0.250067,0.849347
1.04223,-0.237517,-0.0802592,0.900055,-0.235851,0.250538,0.853725
1.0445,-0.240021,-0.0781876,0.910433,-0.237911,0.252239,0.86481
1.04592,-0.241362,-0.0768142,0.916525,-0.238522,0.253345,0.871702
1.04781,-0.242886,-0.0748415,0.92454,-0.238932,0.254554,0.880654
1.04928,-0.243609,-0.0734495,0.930502,-0.238847,0.255095,0.887177
1.05127,-0.244051,-0.0716038,0.938369,-0.237981,0.255836,0.895793
1.05269,-0.244861,-0.0700425,0.943435,-0.236963,0.25665,0.901896
1.05448,-0.246183,-0.0684043,0.950686,-0.236198,0.25782,0.91015
1.0559,-0.246764,-0.0669129,0.956155,-0.235179,0.259149,0.916298
1.0581,-0.246649,-0.0643018,0.964826,-0.232408,0.261443,0.92619
1.05936,-0.246408,-0.0628481,0.969903,-0.230507,0.262685,0.931997
1.06104,-0.245806,-0.0611218,0.976631,-0.227694,0.264121,0.939757
1.06234,-0.244823,-0.0599364,0.981597,-0.225124,0.265,0.945514
1.06406,-0.24452,-0.0582375,0.987374,-0.222261,0.266018,0.952771
1.06578,-0.243519,-0.0567672,0.993717,-0.219155,0.266955,0.9602
1.067,-0.242321,-0.0557579,0.998307,-0.216374,0.267541,0.965452
1.06739,-0.241843,-0.055454,0.999796,-0.215375,0.267671,0.967149
1.06816,-0.240751,-0.0548461,1.00273,-0.213254,0.267896,0.970486
1.06967,-0.238174,-0.0534125,1.00847,-0.208767,0.268556,0.977033
1.07098,-0.235264,-0.0517015,1.01403,-0.204218,0.26959,0.983279
1.07181,-0.232662,-0.050473,1.01793,-0.200616,0.270395,0.987692
1.0721,-0.232448,-0.0498546,1.0187,-0.19998,0.270896,0.988771
1.07267,-0.231277,-0.0493248,1.02124,-0.198342,0.271206,0.991737
1.07352,-0.228368,-0.048305,1.02612,-0.194515,0.271941,0.997254
1.07365,-0.227317,-0.0481031,1.0272,-0.19325,0.272087,0.99848
1.07426,-0.223951,-0.0475283,1.03037,-0.189267,0.272562,1.0021
1.0752,-0.221158,-0.0467532,1.03379,-0.185872,0.273246,1.00595
1.07548,-0.220299,-0.0464356,1.03494,-0.184822,0.273515,1.00725
1.07646,-0.218282,-0.0452689,1.03845,-0.182268,0.274501,1.01117
1.07724,-0.216629,-0.0439028,1.04191,-0.180169,0.275701,1.01493
1.07736,-0.215874,-0.0434384,1.04292,-0.179264,0.27608,1.016
1.07774,-0.213611,-0.0419289,1.04529,-0.176889,0.277484,1.01847
1.07833,-0.209749,-0.0402893,1.04878,-0.172913,0.278364,1.02213
1.07876,-0.206639,-0.0392524,1.05135,-0.169561,0.278913,1.02472
1.07913,-0.203759,-0.0384107,1.05386,-0.166429,0.279524,1.02723
1.07927,-0.201968,-0.0378627,1.05542,-0.164442,0.280018,1.0288
1.07933,-0.199481,-0.0370346,1.05757,-0.161535,0.280774,1.0309
1.07929,-0.197179,-0.0362408,1.05955,-0.158708,0.281361,1.03276
1.07926,-0.196439,-0.0359762,1.06018,-0.157798,0.281517,1.03335
1.0791,-0.194272,-0.0351928,1.06194,-0.155183,0.281923,1.03495
1.07892,-0.192244,-0.0345343,1.06337,-0.153519,0.282825,1.03608
1.07887,-0.191609,-0.0344151,1.06389,-0.152849,0.282925,1.03658
1.07873,-0.19005,-0.0340654,1.06537,-0.150951,0.283253,1.03795
1.07853,-0.188506,-0.0335795,1.06704,-0.148684,0.283518,1.03949
1.07838,-0.187497,-0.0330912,1.06805,-0.147049,0.28372,1.04043
1.07813,-0.186212,-0.0319726,1.06975,-0.144444,0.284296,1.04161
1.07792,-0.185209,-0.0313667,1.07063,-0.142776,0.284637,1.04211
1.07775,-0.183558,-0.0307926,1.07177,-0.140994,0.285363,1.04255
1.07767,-0.182173,-0.0307176,1.07269,-0.13937,0.285362,1.0432
1.0776,-0.180838,-0.0302783,1.07386,-0.136971,0.285382,1.04389
1.07757,-0.180293,-0.0298893,1.07437,-0.135827,0.285389,1.04422
1.07743,-0.179335,-0.0288673,1.07506,-0.133556,0.28536,1.04475
1.07724,-0.178662,-0.0277269,1.07555,-0.131529,0.285496,1.04514
1.07692,-0.177903,-0.0266246,1.07604,-0.129152,0.286146,1.0455
1.0767,-0.176369,-0.0260098,1.0768,-0.127378,0.287073,1.04605
1.07665,-0.176032,-0.0259389,1.0769,-0.126819,0.287231,1.04617
1.07643,-0.174635,-0.0258165,1.07732,-0.124056,0.287772,1.04656
1.07628,-0.173534,-0.0260863,1.07761,-0.121675,0.288102,1.04693
1.07624,-0.172919,-0.0262274,1.0777,-0.120344,0.28832,1.04715
1.07619,-0.172293,-0.0263645,1.0777,-0.11898,0.288505,1.04734
1.07614,-0.171634,-0.0264981,1.07763,-0.117642,0.288693,1.0475
1.07608,-0.169746,-0.0263139,1.07819,-0.116137,0.289114,1.0482
1.07606,-0.169174,-0.0262804,1.07817,-0.115545,0.289277,1.04833
1.07599,-0.167891,-0.0260749,1.07796,-0.113846,0.289722,1.0485
1.07586,-0.166608,-0.0257287,1.07756,-0.111915,0.290276,1.04854
1.07572,-0.165751,-0.025506,1.07725,-0.110693,0.290655,1.0485
1.07552,-0.164725,-0.0253598,1.07684,-0.109237,0.291335,1.04833
1.07536,-0.164071,-0.02541,1.07659,-0.108297,0.291932,1.04817
1.0751,-0.162184,-0.0252993,1.07709,-0.10662,0.292799,1.04875
1.07492,-0.160442,-0.0252432,1.07712,-0.105086,0.293598,1.04909
1.07477,-0.159424,-0.025095,1.07696,-0.103754,0.294355,1.04913
1.07474,-0.15917,-0.0250281,1.07691,-0.103368,0.294596,1.04915
1.07466,-0.158544,-0.0247876,1.07679,-0.10236,0.295288,1.0492
1.07462,-0.158063,-0.0245386,1.07671,-0.101562,0.295903,1.0493
1.07462,-0.157934,-0.0244474,1.0767,-0.101346,0.296092,1.04934
1.07463,-0.15764,-0.0241284,1.07673,-0.100814,0.296641,1.04951
1.07471,-0.157461,-0.0236309,1.07683,-0.100388,0.297253,1.04978
1.07479,-0.155468,-0.0225937,1.07813,-0.0991398,0.297654,1.05124
1.07488,-0.154106,-0.0219345,1.07843,-0.0979306,0.298335,1.05175
1.07491,-0.153827,-0.0217254,1.0785,-0.0975826,0.298549,1.05187
1.07495,-0.153536,-0.0215446,1.07862,-0.0971946,0.298839,1.05209
1.07495,-0.153492,-0.0215472,1.07866,-0.0971401,0.298896,1.05215
1.07496,-0.153428,-0.0215897,1.07872,-0.0970613,0.298997,1.05226
1.07498,-0.153429,-0.0217021,1.07885,-0.0970441,0.299132,1.05248
1.07499,-0.153451,-0.0217215,1.07888,-0.0970607,0.299146,1.05254
1.07501,-0.153509,-0.0217357,1.07897,-0.0971297,0.299176,1.0527
1.07502,-0.151383,-0.0211407,1.08031,-0.095819,0.299,1.05423
1.07502,-0.150864,-0.0210738,1.08042,-0.0954449,0.299126,1.05441
1.07506,-0.149866,-0.0210073,1.08054,-0.0946747,0.299391,1.05461
1.07512,-0.149213,-0.0211882,1.08055,-0.0942331,0.299409,1.05468
1.07517,-0.149002,-0.0214164,1.08057,-0.0942587,0.299245,1.05473
1.07527,-0.149139,-0.0217157,1.08062,-0.0948491,0.298793,1.05481
1.07532,-0.149321,-0.0218207,1.08063,-0.0952154,0.298557,1.05485
1.07542,-0.148444,-0.0214806,1.08175,-0.0952451,0.297598,1.05618
1.07544,-0.147335,-0.0212629,1.08205,-0.0946265,0.297613,1.0567
1.07548,-0.147156,-0.0211151,1.08203,-0.0946801,0.297552,1.05673
1.07549,-0.14719,-0.0210736,1.08201,-0.0947753,0.297523,1.05672
1.07552,-0.147433,-0.020966,1.08195,-0.0952136,0.297452,1.05668
1.07553,-0.147766,-0.0209145,1.08191,-0.0957749,0.29736,1.05665
1.07554,-0.14788,-0.0209171,1.0819,-0.0959809,0.297318,1.05664
1.07555,-0.148362,-0.020981,1.08189,-0.0968727,0.297143,1.0566
1.0756,-0.14898,-0.0209673,1.08194,-0.0979275,0.297123,1.05659
1.0756,-0.146967,-0.0201862,1.08323,-0.0967715,0.296745,1.05811
1.07564,-0.146133,-0.0198296,1.08336,-0.0963537,0.297105,1.05846
1.07566,-0.146035,-0.0197465,1.08335,-0.0963488,0.29719,1.05851
1.07574,-0.145976,-0.019576,1.08328,-0.0964314,0.297372,1.0586
1.07582,-0.146124,-0.0194849,1.08322,-0.0965617,0.29757,1.05871
1.07585,-0.146205,-0.0194654,1.08319,-0.0966086,0.297644,1.05875
1.0759,-0.14654,-0.0194173,1.0831,-0.0968542,0.297899,1.0589
1.07593,-0.147015,-0.0194086,1.08294,-0.0972307,0.298084,1.05901
1.07593,-0.147202,-0.0194119,1.08288,-0.0973885,0.298115,1.05903
1.07591,-0.147806,-0.0193993,1.08264,-0.0979197,0.298129,1.05908
1.07581,-0.146021,-0.0185518,1.08354,-0.0963892,0.297451,1.06051
1.07578,-0.145738,-0.0184078,1.0835,-0.0960893,0.297476,1.06061
1.07569,-0.145594,-0.0180127,1.08317,-0.0958941,0.297429,1.06062
1.0756,-0.146238,-0.0175415,1.08264,-0.0965528,0.29734,1.06047
1.07554,-0.146969,-0.0173084,1.08231,-0.0973408,0.297304,1.06042
1.07548,-0.148032,-0.017144,1.08196,-0.0984103,0.297314,1.06039
1.07547,-0.148841,-0.0170769,1.08171,-0.0991519,0.297395,1.06038
1.07547,-0.149614,-0.0169964,1.08148,-0.0998387,0.297563,1.06039
1.07545,-0.14831,-0.0163344,1.08235,-0.0987447,0.297041,1.06155
1.0754,-0.147581,-0.0160099,1.08238,-0.0978346,0.297354,1.06192
1.07539,-0.147561,-0.0159166,1.08216,-0.0976937,0.297554,1.06185
1.07539,-0.147644,-0.0159155,1.08208,-0.0977402,0.297586,1.06181
1.07542,-0.148057,-0.0159744,1.08186,-0.0980487,0.29763,1.06171
1.07545,-0.148651,-0.016071,1.0817,-0.0985655,0.297636,1.06162
1.07546,-0.148876,-0.0160999,1.08166,-0.0987768,0.29764,1.0616
1.0755,-0.149638,-0.016152,1.08154,-0.0995279,0.297658,1.06149
1.07554,-0.150923,-0.0161371,1.08141,-0.100821,0.297694,1.06128
1.07554,-0.151307,-0.0161306,1.08138,-0.101213,0.297702,1.06122
1.07553,-0.150359,-0.0156136,1.0823,-0.100531,0.297085,1.0622
1.07552,-0.150717,-0.0152249,1.08242,-0.100848,0.297378,1.06233
1.07557,-0.152265,-0.01489,1.08224,-0.102497,0.297686,1.06196
1.07572,-0.154526,-0.0142841,1.08212,-0.104852,0.298139,1.06168
1.07591,-0.157172,-0.0131452,1.08202,-0.107604,0.298894,1.06152
